1;Deltour;Charles;4 rue du Pont;14680;Bretteville Sur Laize;cdeltour@hotmail.com;FRA
2;Fime;Nadia;5 rue du Montparnasse;14220;Boulon;;ENG
3;Ertau;Frank;4 Avenue du président Wilson;14190;Urville;frank.ertau@laposte.net;FRA
4;Maneur;David;6 rue Charles Péguy;14220;Mutrécy;;FRA
5;Berezovski;Sylvie;18 rue du Château;14680;Barbery;;FRA
6;Finley;Pascale;25 rue de Tolbiac;14680;Caillouet;pascfinley@yahoo.fr;FRA
7;Vofur;Hector;18 rue Deparcieux;14190;Cauvicourt;hvofur@free.fr;ENG
8;Derzou;Fred;230 avenue de la libert;14220;Espins;ouzala@aol.com;FRA
9;Serty;Julie;23 rue du Calvaire;14220;Fresney le Vieux;;FRA
10;Vofur;Victor;18 rue Deparcieux;14680;Bretteville Sur Laize;victor.vofur@laposte.net;FRA
11;Calende;Hugo;22 rue des jardins;14680;Bretteville Sur Laize;;FRA
12;Jemba;Hubert;10 rue du 8 mai 1945;14680;Bretteville Sur Laize;jaimeba@yahoo.fr;FRA
13;Morin;S?verine;4 rue du bac;93000;Paris;morinsev@hotmail.com;FRA
14;Benrech;Tarek;79 rue de Caen;14320;May Sur Orne;;FRA
15;Nguyen;Marc;53 impasse Tourneur;14320;Fontenay Le Marmion;nguyen774@wanadoo.fr;FRA
16;Louali;Karima;89 avenue Poincar;14320;Saint Martin de Fontenay;kloua@caramail.fr;FRA
17;Paolo;Marco;14 rue du Caire;14320;Fontenay Le Marmion;;FRA
18;Map;Joanna;120 boulevard Voltaire;75012;Paris;;FRA
19;Kound;Fatoumata;4 Place Carr;14190;Urville;;FRA
20;Derissam;Bachir;1 rue des Indes;14190;Urville;;FRA
21;Villechalane;Louis;8 rue des Charmes;14680;Bretteville Sur Laize;;FRA
22;Andre;David;1 rue Petit;14220;Boulon;;FRA
23;Bedos;Christian;1 rue Peranud;14320;Fontenay Le Marmion;;FRA
24;Tusseau;Louis;22 rue des Ternes;14680;Bretteville Sur Laize;;FRA
25;Bentot;Pascal;11 allée des Cerises;14220;Boulon;;FRA
26;Bioret;Luc;1 Avenue gambetta;14320;Fontenay Le Marmion;;FRA
27;Bunisset;Francis;10 rue des Perles;14220;Espins;;FRA
28;Bunisset;Denise;23 rue Manin;14320;Saint Martin de Fontenay;;FRA
29;Cacheux;Bernard;114 rue Blanche;14320;Fontenay Le Marmion;;FRA
30;Cadic;Eric;123 avenue de la République;14680;Bretteville Sur Laize;;FRA
31;Charoze;Catherine;100 rue Petit;14220;Boulon;;FRA
32;Clepkens;Christophe;12 allée des Anges;14680;Bretteville Sur Laize;;FRA
33;Cottin;Vincenne;36 rue Des Roches;14220;Boulon;;FRA
34;Daburon;François;13 rue de Chanzy;14220;Mutrécy;;FRA
35;De;Philippe;13 rue Barthes;14320;Fontenay Le Marmion;;FRA
36;Debelle;Michel;181 avenue Barbusse;14220;Espins;;FRA
37;Debelle;Jeanne;134 allée des Joncs;14320;Saint Martin de Fontenay;;FRA
38;Debroise;Michel;2 Bld Jourdain;14680;Bretteville Sur Laize;;FRA
39;Desmarquest;Nathalie;14 Place d Arc;14220;Boulon;;FRA
40;Desnost;Pierre;16 avenue des Cèdres;14220;Mutrécy;;FRA
41;Dudouit;Frédéric;18 rue de l église;14320;Fontenay Le Marmion;;FRA
42;Duncombe;Claude;19 rue de la tour;14680;Bretteville Sur Laize;;FRA
43;Enault-Pascreau;Céline;25 place de la gare;14680;Bretteville Sur Laize;;FRA
44;Eynde;Valérie;3 Grand Place;14220;Mutrécy;;FRA
45;Finck;Jacques;10 avenue du Prado;14320;Fontenay Le Marmion;;FRA
46;Frémont;Fernande;4 route de la mer;14220;Espins;;FRA
47;Gest;Alain;30 avenue des terres;14320;Saint Martin de Fontenay;;FRA
